Project,Period,Version,Classes Total,Classes w/ Atoms,LoC,N.Atoms,N.Types,PostIncDec,PreIncDec,IOP,CO,AaL,LaCF,RV,CoLE,OCB,TC,Number of Atoms per LoC (10^-3),Atom Diffusion,Atom Density
Commons-Bcel,Before CI/CD,5.0.0,350,80,38727,346,7,40,17,10,104,0,147,2,0,0,26,8.934335218323135,0.22857142857142856,4.325
Commons-Bcel,Before CI/CD,5.1.0,356,84,40296,362,7,38,17,10,111,0,158,2,0,0,26,8.983521937661306,0.23595505617977527,4.309523809523809
Commons-Bcel,Before CI/CD,5.2.0,356,83,44485,366,7,38,17,10,110,0,163,2,0,0,26,8.22749241317298,0.23314606741573032,4.409638554216867
Commons-Bcel,Before CI/CD,6.0.0,462,98,58287,403,8,42,18,10,136,0,161,2,1,0,33,6.914063170175168,0.21212121212121213,4.112244897959184
Commons-Bcel,After CI/CD,6.1.0,471,98,58955,404,8,42,18,10,136,0,162,2,1,0,33,6.852684250699686,0.208067940552017,4.122448979591836
Commons-Bcel,After CI/CD,6.2.0,472,98,59004,404,8,42,18,10,136,0,162,2,1,0,33,6.846993424174633,0.2076271186440678,4.122448979591836
Commons-Bcel,After CI/CD,6.4.0,497,103,61728,422,8,42,18,10,146,0,168,2,1,0,35,6.836443753240021,0.20724346076458752,4.097087378640777
Commons-Bcel,After CI/CD,6.6.0,509,107,59784,484,8,42,17,33,144,0,210,2,1,0,35,8.095811588384851,0.21021611001964635,4.5233644859813085
Commons-Bcel,After CI/CD,6.7.0,597,109,65399,483,8,42,17,32,148,0,207,2,1,0,34,7.3854340280432424,0.18257956448911222,4.431192660550459
